{
    "mean_fit_time": [
        0.0019326210021972656,
        0.0013149579366048176,
        0.0014847914377848308,
        0.001665194829305013,
        0.0009996096293131511,
        0.0010855992635091145,
        0.001161813735961914,
        0.0016636053721110027,
        0.0016811688741048176,
        0.0010000069936116536,
        0.0010062853495279949,
        0.0013534228006998699,
        0.0010365645090738933,
        0.0009848276774088542,
        0.0009857018788655598,
        0.0012619495391845703,
        0.0015108585357666016,
        0.001018842061360677,
        0.0010080337524414062,
        0.0010385513305664062,
        0.0010293324788411458,
        0.0009722709655761719,
        0.0009984970092773438,
        0.001144727071126302,
        0.0010145505269368489,
        0.000972747802734375,
        0.001239458719889323,
        0.0010462601979573567,
        0.0010844071706136067,
        0.0010051727294921875,
        0.0009999275207519531,
        0.001066446304321289
    ],
    "std_fit_time": [
        0.0007262017275543462,
        0.0004195758921355503,
        0.00040338292665566624,
        0.0004714273634410479,
        6.836513890459241e-07,
        0.000115629214675656,
        0.00022054667924946924,
        0.00046912934766673306,
        0.0004825237986384327,
        5.619579801452537e-07,
        6.656771212060269e-06,
        0.0004800251382009585,
        5.0473212570128765e-05,
        7.249188243324102e-05,
        2.8457720790226732e-05,
        0.00022202927793353036,
        0.0007130771678521152,
        6.093148443730137e-05,
        2.083674718517388e-05,
        6.585102164139597e-05,
        5.0005167052467975e-05,
        5.1232818674328965e-05,
        2.0601719851200933e-06,
        0.0006407043295411778,
        2.3316584009147345e-05,
        3.0764928403053815e-05,
        0.00034657814336861017,
        0.00013729616788690479,
        0.00010117984377459815,
        8.275105553464967e-06,
        1.9466795466607238e-07,
        4.727466289191391e-05
    ],
    "mean_score_time": [
        0.001096169153849284,
        0.001070102055867513,
        0.0010223388671875,
        0.0016632080078125,
        0.0010002454121907551,
        0.0010753472646077473,
        0.0010237693786621094,
        0.001002947489420573,
        0.00033783912658691406,
        0.0006719430287679037,
        0.00032830238342285156,
        0.0009906291961669922,
        0.0008729298909505209,
        0.0006509621938069662,
        0.0006749629974365234,
        0.0011196136474609375,
        0.0006844202677408854,
        0.0009678999582926432,
        0.0006643931070963541,
        0.0009557406107584635,
        0.0003001689910888672,
        0.0006949901580810547,
        0.0003331502278645833,
        0.0007159709930419922,
        0.001007080078125,
        0.0010658899943033855,
        0.0,
        0.0009985764821370442,
        0.0007080237070719401,
        0.0006665388743082682,
        0.0003348986307779948,
        0.0003267923990885417
    ],
    "std_score_time": [
        0.00013728719715112492,
        0.00012108680611348541,
        2.2688631541004788e-05,
        0.0004573776932510828,
        4.49566384116203e-07,
        6.487390517843007e-05,
        2.3583763604368143e-05,
        1.5682957548730638e-05,
        0.00047777667471949475,
        0.0004751678626193117,
        0.00046428968319600866,
        6.256689842785064e-06,
        0.00016664444867248098,
        0.0004606442883889484,
        0.0004774210454461614,
        0.00012360480066620606,
        0.00048408097678826866,
        4.851894562910232e-05,
        0.00046983562877059174,
        4.0120651434873853e-05,
        0.0004245030582017247,
        0.0004931377332772418,
        0.0004711455705537808,
        0.0005063633820930723,
        7.51410740156069e-05,
        2.5441495526650785e-05,
        0.0,
        8.250852238324459e-05,
        0.0005032297409145011,
        0.0004713141679983425,
        0.0004736181856664198,
        0.00046215424287145666
    ],
    "param_C": [
        1,
        1,
        1,
        1,
        1,
        1,
        1,
        1,
        10,
        10,
        10,
        10,
        10,
        10,
        10,
        10,
        100,
        100,
        100,
        100,
        100,
        100,
        100,
        100,
        1000,
        1000,
        1000,
        1000,
        1000,
        1000,
        1000,
        1000
    ],
    "param_class_weight": [
        "balanced",
        "balanced",
        "balanced",
        "balanced",
        null,
        null,
        null,
        null,
        "balanced",
        "balanced",
        "balanced",
        "balanced",
        null,
        null,
        null,
        null,
        "balanced",
        "balanced",
        "balanced",
        "balanced",
        null,
        null,
        null,
        null,
        "balanced",
        "balanced",
        "balanced",
        "balanced",
        null,
        null,
        null,
        null
    ],
    "param_gamma": [
        "scale",
        "auto",
        0.001,
        0.0001,
        "scale",
        "auto",
        0.001,
        0.0001,
        "scale",
        "auto",
        0.001,
        0.0001,
        "scale",
        "auto",
        0.001,
        0.0001,
        "scale",
        "auto",
        0.001,
        0.0001,
        "scale",
        "auto",
        0.001,
        0.0001,
        "scale",
        "auto",
        0.001,
        0.0001,
        "scale",
        "auto",
        0.001,
        0.0001
    ],
    "param_kernel": [
        "rbf",
        "rbf",
        "rbf",
        "rbf",
        "rbf",
        "rbf",
        "rbf",
        "rbf",
        "rbf",
        "rbf",
        "rbf",
        "rbf",
        "rbf",
        "rbf",
        "rbf",
        "rbf",
        "rbf",
        "rbf",
        "rbf",
        "rbf",
        "rbf",
        "rbf",
        "rbf",
        "rbf",
        "rbf",
        "rbf",
        "rbf",
        "rbf",
        "rbf",
        "rbf",
        "rbf",
        "rbf"
    ],
    "params": [
        {
            "C": 1,
            "class_weight": "balanced",
            "gamma": "scale",
            "kernel": "rbf"
        },
        {
            "C": 1,
            "class_weight": "balanced",
            "gamma": "auto",
            "kernel": "rbf"
        },
        {
            "C": 1,
            "class_weight": "balanced",
            "gamma": 0.001,
            "kernel": "rbf"
        },
        {
            "C": 1,
            "class_weight": "balanced",
            "gamma": 0.0001,
            "kernel": "rbf"
        },
        {
            "C": 1,
            "class_weight": null,
            "gamma": "scale",
            "kernel": "rbf"
        },
        {
            "C": 1,
            "class_weight": null,
            "gamma": "auto",
            "kernel": "rbf"
        },
        {
            "C": 1,
            "class_weight": null,
            "gamma": 0.001,
            "kernel": "rbf"
        },
        {
            "C": 1,
            "class_weight": null,
            "gamma": 0.0001,
            "kernel": "rbf"
        },
        {
            "C": 10,
            "class_weight": "balanced",
            "gamma": "scale",
            "kernel": "rbf"
        },
        {
            "C": 10,
            "class_weight": "balanced",
            "gamma": "auto",
            "kernel": "rbf"
        },
        {
            "C": 10,
            "class_weight": "balanced",
            "gamma": 0.001,
            "kernel": "rbf"
        },
        {
            "C": 10,