{
    "report": {
        "0": {
            "precision": 1.0,
            "recall": 0.9886363636363636,
            "f1-score": 0.9942857142857143,
            "support": 88.0
        },
        "1": {
            "precision": 0.9887640449438202,
            "recall": 0.967032967032967,
            "f1-score": 0.9777777777777777,
            "support": 91.0
        },
        "2": {
            "precision": 0.9883720930232558,
            "recall": 0.9883720930232558,
            "f1-score": 0.9883720930232558,
            "support": 86.0
        },
        "3": {
            "precision": 0.9753086419753086,
            "recall": 0.8681318681318682,
            "f1-score": 0.9186046511627907,
            "support": 91.0
        },
        "4": {
            "precision": 0.9887640449438202,
            "recall": 0.9565217391304348,
            "f1-score": 0.9723756906077348,
            "support": 92.0
        },
        "5": {
            "precision": 0.946236559139785,
            "recall": 0.967032967032967,
            "f1-score": 0.9565217391304348,
            "support": 91.0
        },
        "6": {
            "precision": 0.989010989010989,
            "recall": 0.989010989010989,
            "f1-score": 0.989010989010989,
            "support": 91.0
        },
        "7": {
            "precision": 0.9565217391304348,
            "recall": 0.9887640449438202,
            "f1-score": 0.9723756906077348,
            "support": 89.0
        },
        "8": {
            "precision": 0.9361702127659575,
            "recall": 1.0,
            "f1-score": 0.967032967032967,
            "support": 88.0
        },
        "9": {
            "precision": 0.9278350515463918,
            "recall": 0.9782608695652174,
            "f1-score": 0.9523809523809523,
            "support": 92.0
        },
        "accuracy": 0.9688542825361512,
        "macro avg": {
            "precision": 0.9696983376479764,
            "recall": 0.9691763901507882,
            "f1-score": 0.9688738265020351,
            "support": 899.0
        },
        "weighted avg": {
            "precision": 0.9696092010839529,
            "recall": 0.9688542825361512,
            "f1-score": 0.9686644837258652,
            "support": 899.0
        }
    },
    "params": {
        "C": 1.0,
        "break_ties": false,
        "cache_size": 200,
        "class_weight": null,
        "coef0": 0.0,
        "decision_function_shape": "ovr",
        "degree": 3,
        "gamma": 0.001,
        "kernel": "rbf",
        "max_iter": -1,
        "probability": false,
        "random_state": null,
        "shrinking": true,
        "tol": 0.001,
        "verbose": false
    }
}